Universitas,NPMI,Topik_ID,Topik_Kata
ui_fess,0.4365,0,"interface, user, dua, masuk, date, uinformation, hi, civitas, anak, lolos"
ui_fess,0.4365,1,"semester, genap, universitas, ganjil, dua, tujuh, puluh, magang, matkul, lingkaran"
ui_fess,0.4365,2,"indonesia, penelitian, prodi, anak, dimana, langsung, demo, menambah, represent, spekun"
ui_fess,0.4365,3,"kakak, kelompok, farmasi, grup, ajar, suka, teknik, cool, fk, lot"
ui_fess,0.4365,4,"bareng, barengan, hey, iri, lagu, halo, renang, you, film, cari"
ui_fess,0.4365,5,"amplifier, rules, terkait, sesi, pilih, follback, apapun, balas, ketemu, milik"
ui_fess,0.4365,6,"luring, daring, kuliah, wisuda, kuliahnya, ketahuan, kangen, posted, already, punten"
ui_fess,0.4365,7,"perpusat, perpus, kampus, anjing, lantai, lot, perwakilan, memanggil, meong, kangen"
ui_fess,0.4365,8,"foto, picture, photoshop, post, screenshot, profil, use, jatuh, kesan, format"
ui_fess,0.4365,9,"anak, special, do, asrama, think, edition, nyala, what, run, gotta"
ui_fess,0.4365,10,"minute, just, pagi, kelas, tidur, bikun, sabtu, besok, senin, nugas"
ui_fess,0.4365,11,"skin, under, the, emas, habis, lupa, semangat, november, ngerjain, belajarnya"
ui_fess,0.4365,12,"twitter, post, followers, retweet, follow, on, replies, likes, aid, label"
ui_fess,0.4365,13,"jujur, pjj, penny, jurusan, libur, posted, already, if, sorry, lebaran"
ui_fess,0.4365,14,"tugas, tugasnya, ngerjain, mengatur, jaya, pekerjaan, menangis, semangat, bobot, esai"
ui_fess,0.4365,15,"kuliah, act, caught, meong, kuota, gratis, masuk, kutek, kangen, hidup"
ui_fess,0.4365,16,"laugh, tawa, ecstasy, style, seblak, frieren, sehat, kali, klean, mpkt"
ui_fess,0.4365,17,"enggak, bisa, mau, mapres, ngeri, realistis, usah, sholat, liberal, punya"
ui_fess,0.4365,18,"belajar, belas, sembilan, angkatan, kesal, keatas, ribu, ujian, enam, ngangong"
ui_fess,0.4365,19,"follback, balas, newjeans, buka, base, opfoll, asyik, ku, sepi, akun"
ui_fess,0.4365,20,"topic, message, board, on, balas, promosi, back, cek, silakan, dibawah"
ui_fess,0.4365,21,"email, unsolicted, google, banned, web, katakata, service, temporary, sign, poster"
ui_fess,0.4365,22,"spill, dark, spotify, side, mutualan, cool, lagu, klean, bikin, favorit"
ui_fess,0.4365,23,"kantin, makanan, kantek, makan, fakultas, mengomongkan, fkm, dicoba, sebelah, enak"
ui_fess,0.4365,24,"dua, ribu, puluh, tiga, maba, zoom, ve, yourself, prefered, find"
ui_fess,0.4365,25,"boyfriend, girlfriend, cocaine, kiss, fmipa, chaos, ft, feb, fk, fib"
ui_fess,0.4365,26,"tolong, sore, represent, alfamart, remed, black, gotta, run, payung, sebar"
ui_fess,0.4365,27,"administrator, forum, network, etc, on, tanggung, kirim, izin, pelaku, ingfokan"
ui_fess,0.4365,28,"internet, fidelity, wireless, hotspot, sks, hitung, sso, beasiswa, lulus, nilai"
ui_fess,0.4365,29,"pengumuman, exchange, pengalaman, rekomendasi, bersalah, sepatu, pengumumannya, lolos, keperluan, proker"
ui_fess,0.4365,30,"nyontek, gara, organisasi, mahasiswa, chat, laprak, keterima, ngulang, ngumpul, nyaman"
ui_fess,0.4365,31,"orang, deserve, keluarnya, hukum, pertanyaannya, never, tenang, apel, kebun, now"
ui_fess,0.4365,32,"stop, it, ing, psaf, mpk, kkn, kutek, sidang, surat, posted"
ui_fess,0.4365,33,"review, matkul, terimakasih, tolong, ambil, dasar, uu, eksternal, bahasa, sosial"
ui_fess,0.4365,34,"administrator, forum, network, etc, on, poor, joke, created, debat, worries"
ui_fess,0.4365,35,"tidak, apa, ada, tahu, update, titip, perlu, hang, out, adikadik"
ui_fess,0.4365,36,"lima, ratus, delapan, puluh, tiga, seribu, office, jaya, enam, tujuh"
ui_fess,0.4365,37,"coba, rate, tebak, sepuluh, hafal, clue, lokasi, seratus, kisah, npm"
ui_fess,0.4365,38,"bikun, bibir, biru, best, nyebut, lari, mengaku, kkn, in, bikin"
ui_fess,0.4365,39,"masuk, jalur, mahal, ilmu, grup, bayar, idaman, deting, diomongin, hoki"
ui_fess,0.4365,40,"parade, missing, fear, out, rame, unpopular, jancuk, mabim, gaikutan, gagal"
ui_fess,0.4365,41,"gphotos, ciri, system, disk, mindahin, pinjam, tas, drive, hilang, hehehe"
ui_fess,0.4365,42,"information, informasi, sebelumnyaa, nomor, sendernya, pikir, aneh, terima, warna, sekitaran"
ui_fess,0.4365,43,"internal, service, pengisian, disorder, tanggal, isi, batas, disetujui, deficit, attention"
ui_fess,0.4365,44,"korean, popular, playlist, kosan, tv, promotional, yuk, swifties, album, ayo"
ui_fess,0.4365,45,"lulus, filsafat, kerjanya, strict, tementemen, isi, untungnya, iism4, gaji, santai"
ui_fess,0.4365,46,"parkir, rawan, parkiran, pintu, mobil, fmipa, stop, buka, it, hati"
ui_fess,0.4365,47,"jalan, terbaik, kaki, pinggir, mentang, parkir, borju, part, siswa, following"
ui_fess,0.4365,48,"war, siak, menang, paketan, buka, parah, wkwkkw, pamerin, kelancaran, diundur"
ui_fess,0.4365,49,"hey, you, hi, semangat, minggu, hello, hang, out, paruh, berkurang"
ui_fess,0.4365,50,"unduh, perpustakaan, aktivasi, wig, file, environment, development, integrated, username, klik"
ui_fess,0.4365,51,"transfer, telegrahic, telpon, mati, chat, pindah, bilang, ujian, aktifin, extra"
ui_fess,0.4365,52,"fakultas, do, think, what, favorit, diskriminasi, danusan, yudisium, mixue, artis"
ui_fess,0.4365,53,"batas, waktu, tanggal, unggah, puluh, sembilan, nilai, juli, tahap, dua"
ui_fess,0.4365,54,"social, site, networking, engine, use, search, an, akun, internet, pakai"
ui_fess,0.4365,55,"semangat, berjuang, berjalan, betapa, nol, memuaskan, rupiah, tepuk, susunjadwal, tekanan"
ui_fess,0.4365,56,"klinik, makara, talking, look, makasiih, who, daftar, tutupnya, reservasi, darah"
ui_fess,0.4365,57,"rules, berlaku, ditambah, protes, titipan, aneh, menghilangkan, pengirim, dipersilakan, fase"
ui_fess,0.4365,58,"tips, ngantuk, mkp, lot, cari, cewek, pacar, ngulang, dengar, menurutku"
ui_fess,0.4365,59,"uas, takut, mentang, fakultas, prodi, top, ibadah, menunaikan, selesai, moment"
ui_fess,0.4365,60,"amplifier, datang, dua, congratulations, ribu, good, beruntung, user, interface, puluh"
ui_fess,0.4365,61,"kepanitiaan, memegang, organisasikepanitiaan, matil, organisasi, kiss, formalitas, nganggep, batin, berujung"
ui_fess,0.4365,62,"sight, kill, on, pulkam, biaya, kutek, information, daerah, laki, margonda"
ui_fess,0.4365,63,"kukel, kutek, sengketa, information, kedengaran, kahh, another, pocin, mesti, berisik"
ui_fess,0.4365,64,"gedung, fasilkom, fh, jurusan, cepat, better, mananya, selesai, genuinely, meanwhile"
ui_fess,0.4365,65,"nilai, published, siak, nilainya, low, enemy, mantengin, bobot, publish, diundur"
ui_fess,0.4365,66,"drug, powdered, line, abuse, resistance, education, of, skill, major, film"
ui_fess,0.4365,67,"pacil, sate, pacar, pacaran, legend, rugi, keseringan, mitos, gangsta, disciple"
ui_fess,0.4365,68,"friend, best, tungguin, close, closed, besok, gelombang, closing, guest, describe"
ui_fess,0.4365,69,"gangguan, wide, world, web, server, refresh, emas, lambat, beasiswa, kerja"
UGM_FESS,0.4477,0,"sayang, orang, pacar, ramadhan, you, kampung, makan, hey, wetees, cari"
UGM_FESS,0.4477,1,"tolong, lima, ratus, puluh, tujuh, ribu, dua, delapan, sembilan, isi"
UGM_FESS,0.4477,2,"amplifier, dua, puluh, suka, empat, turnitin, segar, ribu, ratus, gratis"
UGM_FESS,0.4477,3,"information, sahur, koor, kost, infokan, ugm, warung, terimakasih, fisipol, daerah"
UGM_FESS,0.4477,4,"sight, kill, on, putri, daerah, oper, biaya, max, information, isian"
UGM_FESS,0.4477,5,"kulak, preloved, pesan, minat, represent, komen, lemari, tiket, barang, nego"
UGM_FESS,0.4477,6,"dimana, jogja, pembekalan, jual, presensi, pionir, beli, lengkap, kelas, kkn"
UGM_FESS,0.4477,7,"produktif, pengalaman, review, produk, srikandi, pengusung, yogyakarta, penelitian, mencari, magang"
UGM_FESS,0.4477,8,"cash, delivery, on, kulak, area, sell, preloved, gembok, priv, minat"
UGM_FESS,0.4477,9,"semester, sks, study, genap, magang, empat, fakultas, kipk, stuck, agustus"
UGM_FESS,0.4477,10,"cakep, sayang, dua, tiga, pawang, puluh, cool, tight, empat, pawangnya"
UGM_FESS,0.4477,11,"corporation, motors, general, psikolog, poli, konsultasi, tes, array, technology, inc"
UGM_FESS,0.4477,12,"mutualan, follow, hey, you, yuk, follback, kagama, second, gamatu, suka"
UGM_FESS,0.4477,13,"laptop, drive, memory, access, laptopku, solid, sewa, random, state, rusak"
UGM_FESS,0.4477,14,"motor, motornya, driver, kunci, sewa, helm, kecelakaan, lempuyangan, meninggalkan, kehilangan"
UGM_FESS,0.4477,15,"foto, picture, wisuda, studio, f18, formal, device, pakai, toga, 200k"
UGM_FESS,0.4477,16,"preorder, mentai, dimsum, order, buka, oil, 15k, gratis, enak, langsung"
UGM_FESS,0.4477,17,"under, skin, the, pancasila, skincare, ditengah, budisutrisna, uas, mkwk, gacoan"
UGM_FESS,0.4477,18,"cocaine, of, drug, form, keju, cookies, marijuana, susu, 5k, 15k"
UGM_FESS,0.4477,19,"sponsor, kkn, relasi, ii, barat, kknppm, dpkm, anggota, grup, jawa"
UGM_FESS,0.4477,20,"brand, beli, affordable, store, luring, bergerak, ijo, uncool, malas, dibeli"
UGM_FESS,0.4477,21,"minute, just, pagi, sore, tarawih, segini, kotak, maskam, ayam, buka"
UGM_FESS,0.4477,22,"dpkm, grup, pendanaan, lolos, dpl, pemda, kkn, lokasi, mitra, politik"
UGM_FESS,0.4477,23,"ibuprofen, parttime, rugi, part, boneka, lowker, sabtu, turun, dijual, februari"
UGM_FESS,0.4477,24,"infatuation, nyala, kimia, love, date, sayang, kenal, hopeless, chat, pretend"
UGM_FESS,0.4477,25,"periode, kkn, krs, pembekalan, litkes, titipan, dua, susulan, grup, rencana"
UGM_FESS,0.4477,26,"indonesia, papua, ruu, pesisir, tni, demo, tinggal, dicari, mengisi, know"
UGM_FESS,0.4477,27,"stop, it, nikah, hidup, sedih, kesal, tingginya, nomer, strong, cowok"
UGM_FESS,0.4477,28,"name, popular, that, lagu, musik, korean, alat, dress, paru, album"
UGM_FESS,0.4477,29,"module, subscriber, identity, ktp, email, kehilangan, dompet, hilang, dor, networking"
UGM_FESS,0.4477,30,"jawa, grup, kkn, anak, medika, adakah, periode, butuh, farmasi, ketok"
UGM_FESS,0.4477,31,"harry, potter, layan, storage, berkali, samping, hpku, penerima, bisa, mati"
UGM_FESS,0.4477,32,"moment, at, market, baca, indonesia, resmi, mandiri, plastik, as, rekomendasi"
UGM_FESS,0.4477,33,"gigi, koas, keluhan, dirawat, berlubang, spesialis, patah, akar, thankyouu, pesan"
UGM_FESS,0.4477,34,"tutor, utbk, bahasa, mentor, snbt, dasar, kemampuan, matkul, female, indonesia"
UGM_FESS,0.4477,35,"mie, mengajar, sweet, dreams, pertanian, filsafat, stres, empat, kenal, rekomen"
UGM_FESS,0.4477,36,"data, datanya, excel, indah, secure, uji, save, daftar, hubungan, skripsi"
UGM_FESS,0.4477,37,"size, dipakai, putih, harga, sepatu, hitam, tiga, nego, sembilan, puluh"
UGM_FESS,0.4477,38,"commanding, officer, barengan, eksil, akt, hi, ciwi, ku, hey, adakh"
UGM_FESS,0.4477,39,"sunmor, tribun, gsp, fh, mandinya, jodohku, festival, tiketnya, dies, kali"
UGM_FESS,0.4477,40,"laugh, tawa, paketnya, tertukar, kesepian, kepikiran, satu, bersedia, maaf, lulus"
UGM_FESS,0.4477,41,"conditioning, air, sight, kill, kamar, putri, on, mandi, max, biaya"
UGM_FESS,0.4477,42,"relationship, long, distance, two, looking, people, boyfriend, berhijab, kiss, m24"
UGM_FESS,0.4477,43,"flatulence, kei, telur, area, penny, klebengan, ongkir, besok, ayam, geprek"
UGM_FESS,0.4477,44,"barter, kuesioner, reward, beruntung, responden, gampang, isi, kuesionernya, kriterianya, berkenan"
UGM_FESS,0.4477,45,"tugas, krl, berteman, sosial, unik, jalan, tugu, solo, dengar, bantuannya"
UGM_FESS,0.4477,46,"spill, naikin, brother, big, lucu, utbk, masuk, prospek, pertimbangan, perbedaan"
UGM_FESS,0.4477,47,"cafe, nugas, worth, menyarankan, bebas, sepuluh, ceco, konsum, tercepat, figma"
UGM_FESS,0.4477,48,"iphone, charger, former, kepala, happy, casing, britain, minus, belas, great"
UGM_FESS,0.4477,49,"conditioning, air, pogung, kost, heater, sinduadi, fasilitas, include, water, listrik"
UGM_FESS,0.4477,50,"islam, seratus, ang, keatas, text, agama, kajian, back, muslim, dicari"
UGM_FESS,0.4477,51,"freelance, development, acara, hadir, bisnis, information, cemerlang, animal, impact, diadakan"
UGM_FESS,0.4477,52,"english, foreign, language, test, as, tes, belajar, mandarin, of, writing"
UGM_FESS,0.4477,53,"web, wide, world, based, treatment, seminar, rekening, for, people, the"
UGM_FESS,0.4477,54,"encounters, casual, effort, going, best, be, beda, sedih, gwansik, adakh"
UGM_FESS,0.4477,55,"ecstasy, nek, ipk, magang, experience, 5k, temenku, davinsi, bedanya, edan"
UGM_FESS,0.4477,56,"date, januari, valentine, registrasi, coklat, sayang, tanggal, ugmgirls, pisah, lisensi"
UGM_FESS,0.4477,57,"beasiswa, fkh, bilang, penerima, rencananya, mengobrol, terkait, enggak, cewek, maaf"
UGM_FESS,0.4477,58,"bantuannya, mohon, bantul, ciri, dompet, bantu, menemukan, linknya, moveon, orde"
UGM_FESS,0.4477,59,"promotional, material, kode, berlaku, grab, not, sweet, diskon, gojek, dreams"
UGM_FESS,0.4477,60,"ngeprint, print, catridge, maks, hubungi, cetak, bangun, jasa, lumayan, sekitaran"
UGM_FESS,0.4477,61,"tidak, ada, apa, tahu, pesawat, libur, bersih, harganya, ojol, harapan"
UGM_FESS,0.4477,62,"administrator, forum, network, etc, on, waktu, batas, link, difollback, ewallet"
UGM_FESS,0.4477,63,"ready, 20k, ongkir, ayam, sushi, haloww, bumbu, utuh, bento, buka"
UGM_FESS,0.4477,64,"fidelity, wireless, listrik, sight, kill, isian, dapur, on, blanked, kosongan"
draftanakunpad3,0.4222,0,"gigi, responden, teman, koas, saldo, pasien, ewallet, terimakasih, dirawat, cowok"
draftanakunpad3,0.4222,1,"information, kosan, unpad, data, informasi, infoin, deliv, sahur, kontrakan, kartu"
draftanakunpad3,0.4222,2,"sight, kill, on, putri, harian, information, cewek, kamar, cowocampur, daerah"
draftanakunpad3,0.4222,3,"amplifier, beasiswa, array, gratis, pcs, night, kemeja, pesan, cek, follow"
draftanakunpad3,0.4222,4,"female, jatuh, apa, jastip, deliv, jasa, belikan, dibicarakan, antarkan, anjem"
draftanakunpad3,0.4222,5,"dimana, nangor, bagus, dimanaa, dimsum, beli, toko, jual, jualan, kertas"
draftanakunpad3,0.4222,6,"tolong, kucing, kabarin, bantuannya, hilang, butuh, bantu, yakinin, isi, kuesioner"
draftanakunpad3,0.4222,7,"skin, under, the, points, games, request, experience, elc, in, skin1004"
draftanakunpad3,0.4222,8,"motor, beat, bensin, rumah, motoran, helm, bawa, include, motornya, very"
draftanakunpad3,0.4222,9,"deliv, buka, bakso, ari, kakak, ciseke, sayang, baso, screenshot, adopt"
draftanakunpad3,0.4222,10,"tiket, travel, bus, maret, jakarta, dua, tanggal, lima, puluh, shuttle"
draftanakunpad3,0.4222,11,"cheesecuit, 18k, flatulence, pengantaran, material, promotional, terbatas, slot, cookies, enak"
draftanakunpad3,0.4222,12,"ibuprofen, mencoba, kostnya, warung, masakan, seberang, 50k, tolong, condi, good"
draftanakunpad3,0.4222,13,"order, delivery, ongkir, bunga, langsung, bouquet, pembelian, minute, satuan, pasaran"
draftanakunpad3,0.4222,14,"conditioning, air, heater, water, fasilitas, kamar, overkontrak, kost, fidelity, wireless"
draftanakunpad3,0.4222,15,"foto, hasil, cetak, wisuda, fotonya, jasa, minimal, peristiwa, print, digital"
draftanakunpad3,0.4222,16,"semester, universitas, alumni, louvin, rencana, kampus, biar, kost, range, tolong"
draftanakunpad3,0.4222,17,"cash, delivery, on, simpan, 45k, buy, want, 35k, to, ciseke"
draftanakunpad3,0.4222,18,"laptop, macbook, access, britain, random, great, blanked, drive, state, belas"
draftanakunpad3,0.4222,19,"cafe, jaad, nugas, enak, alpa, nyaman, sepi, minute, just, sebrang"
draftanakunpad3,0.4222,20,"brownies, pedas, order, buka, mayo, coklat, milk, salad, sehat, snack"
draftanakunpad3,0.4222,21,"competition, business, design, usual, produk, as, cuci, sepatu, fikom, tenang"
draftanakunpad3,0.4222,22,"administrator, etc, forum, network, juta, social, site, networking, on, berani"
draftanakunpad3,0.4222,23,"cocaine, powdered, cosmetic, inspired, enhancements, race, of, drug, marijuana, line"
draftanakunpad3,0.4222,24,"sight, kill, water, heater, conditioning, air, on, dapur, tv, meja"
draftanakunpad3,0.4222,25,"alcoholics, anonymous, waarch, nasi, malas, powdered, line, drug, mengantri, ayam"
draftanakunpad3,0.4222,26,"iphone, ipad, original, dua, ibox, ratus, sembilan, keyboard, belas, delapan"
draftanakunpad3,0.4222,27,"balas, baju, tertarik, sengaja, bagus, murah, pakaian, pindahan, segel, ambil"
draftanakunpad3,0.4222,28,"catering, sahur, sejatinangor, ongkir, gratis, sehat, menu, makan, minggu, ekonomis"
draftanakunpad3,0.4222,29,"drunk, passed, out, liquid, foom, dijual, catridge, fullset, liquor, mulus"
draftanakunpad3,0.4222,30,"sticker, kiss, stock, sapa, 10k, chat, cerita, thinking, sejatinangor, kirim"
draftanakunpad3,0.4222,31,"menonton, bareng, jumbo, bolehh, hey, pergi, you, dinangor, minggu, libur"
draftanakunpad3,0.4222,32,"tiga, ratus, minute, just, dua, ribu, puluh, ct, pujangga, fullset"
draftanakunpad3,0.4222,33,"barang, preloved, dibeli, hey, kolom, gakepake, nambahin, nego, uang, hi"
draftanakunpad3,0.4222,34,"laundry, sepatu, jemput, bersih, bantal, none, above, dimana, hilang, of"
draftanakunpad3,0.4222,35,"charger, type, protocol, internet, beli, laptop, kabel, iphone, android, lightning"
draftanakunpad3,0.4222,36,"size, company, ukuran, kekecilan, adidas, american, white, sweatshirt, hooded, puluh"
draftanakunpad3,0.4222,37,"stop, it, komunikasi, usual, business, kaki, bem, as, mencoba, dekati"
draftanakunpad3,0.4222,38,"you, hey, mari, re, kind, your, happy, mabar, solo, so"
draftanakunpad3,0.4222,39,"sore, cheescuit, berbuka, ibadah, bareng, anter, jastip, itb, puasa, besok"
draftanakunpad3,0.4222,40,"fidelity, wireless, dapur, kencang, listrik, kost, luas, kafe, include, duduk"
draftanakunpad3,0.4222,41,"wangsa, overkontrak, cewek, information, kerta, sebulan, nyewain, sewaoverkontrak, depann, wangsakerta"
draftanakunpad3,0.4222,42,"pinewood, rental, disewakan, mobil, apart, rent, tahunan, apartemen, bedroom, infoo"
draftanakunpad3,0.4222,43,"represent, pesan, minat, preloved, barang, aprilmei, prelovedd, lemari, diantar, barter"
draftanakunpad3,0.4222,44,"tanggal, apart, mei, information, belas, nyewain, sembilan, penginapan, bohong, menyewa"
draftanakunpad3,0.4222,45,"date, love, in, musma, hadiahnya, virtual, cerita, turnamen, suka, kemarin"
draftanakunpad3,0.4222,46,"queer, ojek, uhuy, how, are, program, computer, belanja, proyek, you"
draftanakunpad3,0.4222,47,"buy, want, to, olahraga, jaket, sampah, listrik, dititip, muraah, peace"
draftanakunpad3,0.4222,48,"nations, united, identification, sharing, number, personal, wisuda, huruhara, paskah, resmi"
draftanakunpad3,0.4222,49,"english, test, language, as, vitae, curriculum, kursus, tes, of, 75k"
draftanakunpad3,0.4222,50,"hotel, booking, wisuda, jadwal, kamar, mei, du, lot, bandung, ngambil"
draftanakunpad3,0.4222,51,"makan, siang, masii, makann, okee, mudikk, sepii, tarawih, wedrink, kakak"
draftanakunpad3,0.4222,52,"beasiswa, biologi, esai, klik, menulis, lolos, mentoring, simulasi, feedback, negeri"
draftanakunpad3,0.4222,53,"harry, potter, menemukan, lucu, ciri, ratus, rusak, case, sticker, mru"
draftanakunpad3,0.4222,54,"caringin, kost, 425k, harianmingguan, sehari, review, disewakan, rekomendasikan, tanggal, mati"
draftanakunpad3,0.4222,55,"pempek, asli, diorder, menipis, stock, terbatas, if, already, mencoba, posted"
draftanakunpad3,0.4222,56,"harganya, buah, angkut, around, tersedia, salty, standing, jualin, korea, com"
sunib_fess,0.4106,0,"b28, b27, mutualan, you, hey, looking, am, b26, male, hello"
sunib_fess,0.4106,1,"semester, pendek, ngulang, program, matkul, study, biaya, lulus, minor, kuliah"
sunib_fess,0.4106,2,"skin, under, the, nilai, belajar, kakak, kemarin, ujian, b28, sumpah"
sunib_fess,0.4106,3,"binus, alsut, kantin, buka, daring, dimana, kost, anggrek, anak, hey"
sunib_fess,0.4106,4,"tolong, jawabannya, bantu, tolongin, butuh, kuesioner, salah, kmg, orang, kasih"
sunib_fess,0.4106,5,"business, kisi, management, machines, international, accounting, case, lomba, finance, usual"
sunib_fess,0.4106,6,"amplifier, extra, experience, radio, tolong, design, gitar, jurusan, empat, enam"
sunib_fess,0.4106,7,"makan, utsnya, semangat, rajin, belajar, enak, absen, dokter, tut, siang"
sunib_fess,0.4106,8,"diam, algopro, enggak, kijang, dokumentasi, lulus, ipk, sanksinya, sksnya, nilainya"
sunib_fess,0.4106,9,"internet, computer, protocol, digital, science, kakak, an, user, minor, engine"
sunib_fess,0.4106,10,"nikah, suka, kakak, kampus, redflag, papasan, kenalan, korea, tipe, cowok"
sunib_fess,0.4106,11,"enrichment, track, aplikasi, magang, digaji, kakak, community, ambil, development, perusahaan"
sunib_fess,0.4106,12,"laptop, ipad, servis, dkv, rekomendasi, device, iphone, bawa, pakai, jurusan"
sunib_fess,0.4106,13,"streaming, ambil, b26, b27, role, kakak, bi, ngambil, keatas, play"
sunib_fess,0.4106,14,"infatuation, punyaku, nyala, boy, cowok, rindu, dicari, friend, cewek, am"
sunib_fess,0.4106,15,"test, scholastic, assessment, seminar, based, web, post, your, fixed, gratis"
sunib_fess,0.4106,16,"information, comserv, interest, bidang, for, binus, interested, thanks, acara, buldep"
sunib_fess,0.4106,17,"laugh, fake, fair, play, tawa, amusing, tukar, politik, almet, bahas"
sunib_fess,0.4106,18,"spill, disc, jockey, panti, tipis, perform, hitam, inagurasi, kacamata, kenal"
sunib_fess,0.4106,19,"beelingua, gangguan, anjing, maksa, kursus, labubu, stuck, beelinguanya, bantuin, bahasa"
sunib_fess,0.4106,20,"libur, minggu, cepat, tes, sidang, lebaran, liburan, habis, desember, kirim"
sunib_fess,0.4106,21,"motor, parkir, mobil, paralel, parkiran, mahal, bawa, alternatif, rucas, binus"
sunib_fess,0.4106,22,"turnitin, referensi, coba, cek, diktat, plagiarisme, wajib, bilang, referensinya, include"
sunib_fess,0.4106,23,"demo, pengalaman, kawalputusanmk, sebulan, aman, wisuda, ruu, basreng, organisasi, search"
sunib_fess,0.4106,24,"forum, administrator, network, etc, on, attendance, gslc, networking, isi, social"
sunib_fess,0.4106,25,"vitae, curriculum, mentor, mentoring, lamar, beasiswa, diterima, magang, bslc, pengumuman"
sunib_fess,0.4106,26,"company, magang, aplikasi, perusahaan, menunggu, gede, produk, unpaid, tbtb, portofolio"
sunib_fess,0.4106,27,"minute, just, kelas, sembilan, tujuh, ratus, sebelas, ciri, kijang, sampah"
sunib_fess,0.4106,28,"foto, spill, photoshop, minus, presiden, pisang, kucing, print, dipakai, muncul"
sunib_fess,0.4106,29,"video, unggah, logo, memasuki, revisi, tv, content, coba, eese, nanyaa"
sunib_fess,0.4106,30,"autodebet, blu, inaugurasi, saldo, bayar, pembayaran, tf, kepotong, telat, something"
sunib_fess,0.4106,31,"chat, voice, zoom, lsc, ijo, ketentuan, malas, minggu, diam, terima"
sunib_fess,0.4106,32,"transfer, telegrahic, commanding, officer, divisi, crocs, berubah, telat, pakai, pindah"
sunib_fess,0.4106,33,"ratus, dua, puluh, ribu, empat, lima, tiga, sembilan, belas, satu"
sunib_fess,0.4106,34,"binusian, mutualan, you, hey, sepi, paralytic, huhuu, interaksi, ingfo, section"
sunib_fess,0.4106,35,"mall, jakarta, run, tiket, kepengen, greater, coming, domisili, main, indonesia"
sunib_fess,0.4106,36,"menonton, film, bagus, recommended, berlebihan, jepang, drama, seru, tawa, penuh"
sunib_fess,0.4106,37,"artificial, intelligence, hasilnya, cek, dkv, got, satu, turnitin, kating, ceknya"
sunib_fess,0.4106,38,"sight, kill, on, binus, information, apart, hati, alam, sutera, jalan"
sunib_fess,0.4106,39,"band, song, ukm, roblox, main, solo, semalem, whats, music, audisi"
sunib_fess,0.4106,40,"isi, kuisioner, bantu, kokk, kuesioner, barter, pesawat, questioner, delapan, berkenan"
sunib_fess,0.4106,41,"fisik, format, bentuk, lot, textbook, of, catetan, terimakasih, in, advance"
sunib_fess,0.4106,42,"virtual, kelas, bedanya, jatah, kamera, desember, telat, kating, membolehkan, confirm"
sunib_fess,0.4106,43,"lanyard, yhh, pink, biru, tukar, link, gantungan, bundling, arah, kerudung"
sunib_fess,0.4106,44,"league, bolos, gaming, formula, player, nyontek, major, one, perkuliahan, trend"
sunib_fess,0.4106,45,"female, bayar, fixed, textbook, lab, novice, delapan, segitu, ditanggal, 9jt"
sunib_fess,0.4106,46,"found, lost, kehilangan, flazzcard, titip, moment, at, syahdan, ruang, ketinggalan"
sunib_fess,0.4106,47,"toilet, beol, tangan, tisu, movement, isinya, tolong, lantai, cicil, dibuang"
sunib_fess,0.4106,48,"apa, tidak, ada, kirim, gaperna, paket, komersial, kunjaw, tombol, session"
sunib_fess,0.4106,49,"under, skin, the, jadwal, tyy, colored, tricks, jeans, bobot, time"
sunib_fess,0.4106,50,"nilai, gapapa, mengasih, pelit, dosen, updatednya, insecure, ovt, tulis, protes"
ug_fess,0.3764,0,"semester, magang, cuti, genap, universitas, jadwal, kakak, gundar, jurusan, language"
ug_fess,0.3764,1,"under, skin, the, nilai, tugas, kakak, uas, aman, ketemu, bentrok"
ug_fess,0.3764,2,"kakak, nugas, ilab, uas, berbasis, terimakasih, kasih, ujian, izin, nilai"
ug_fess,0.3764,3,"ecstasy, gedung, kampus, kosan, putri, toilet, ilong, depok, cocaine, mushola"
ug_fess,0.3764,4,"mutualan, hey, you, follow, linkedin, jurusan, connect, ayo, hello, menganggur"
ug_fess,0.3764,5,"ibuprofen, diajar, beliau, ajar, diana, dospem, metopen, maria, utsnya, susah"
ug_fess,0.3764,6,"sick, puppy, love, pelatihan, lulus, sertifikat, kakak, sertif, luring, tanyaa"
ug_fess,0.3764,7,"tanggal, bareng, ambil, ketemu, belas, dua, delapan, puluh, tujuh, barengan"
ug_fess,0.3764,8,"bank, dki, bayar, know, that, baca, enggak, bisa, you, tf"
ug_fess,0.3764,9,"know, bayar, that, you, tf, dimana, konfirmasi, april, mbanking, perpanjangan"
ug_fess,0.3764,10,"greek, letter, dospem, sidang, skripsi, bab, terima, gambaran, judul, diskusi"
ug_fess,0.3764,11,"teknik, never, siang, beli, kadang, tenggat, praktikumnya, ngambil, bayarnya, gundar"
ug_fess,0.3764,12,"blanko, pecah, pembayaran, maba, fpsi, urgent, cek, sistem, mengajukan, ditutup"
ug_fess,0.3764,13,"psikologi, psikolog, keren, praktikumnya, faal, kerja, bakat, psikodiagnostika, seni, anak"
ug_fess,0.3764,14,"world, wide, web, break, computer, or, gangguan, engine, bikin, kocak"
ug_fess,0.3764,15,"gundar, acara, anak, hidup, barang, tas, ada, cireng, doh, hima"
ug_fess,0.3764,16,"hesitation, matkul, nilai, semester, voucher, nilainya, beli, daftar, langsung, semesternya"
ug_fess,0.3764,17,"kampus, j1, hug, jajanan, parkir, sebelah, gratis, turun, krl, buka"
ug_fess,0.3764,18,"pengalaman, pengulangan, pengambilan, aslab, mun, maksud, moment, dibawa, dospem, gabung"
ug_fess,0.3764,19,"administrator, network, forum, on, etc, publice, announcement, service, twitter, post"
ug_fess,0.3764,20,"daring, luring, bahasa, kursus, minggu, ujiannya, uu, uas, ngawas, ujian"
ug_fess,0.3764,21,"temannya, all, takes, winner, dideketin, mantan, uas, susulan, tawa, lokasi"
ug_fess,0.3764,22,"tugas, tolong, kuesioner, postingan, ku, komen, menit, tua, ngisinya, orang"
ug_fess,0.3764,23,"information, infor, kegiatan, penny, kayaknya, msib, gundar, daerah, accurate, oprec"
ug_fess,0.3764,24,"tolong, riview, represent, pesan, dosen, terimakasih, sebelah, diajari, tementemen, diajar"
ug_fess,0.3764,25,"sight, kill, on, cewek, rekomen, cowok, extra, anak, putri, main"
ug_fess,0.3764,26,"digital, citizenship, ngerjain, praktikum, kerjain, apa, ipk, matkul, grup, berpengaruh"
ug_fess,0.3764,27,"amplifier, sosmed, barter, uas, seribu, posisi, tugasku, penilaiannya, sadar, nnya"
ug_fess,0.3764,28,"libur, uas, lebaran, habis, liburan, minggu, hi, maba, mainn, liburnya"
ug_fess,0.3764,29,"word, an, etc, email, of, that, selamat, tidur, malam, liburan"
ug_fess,0.3764,30,"balas, kelas, terima, utbk, bwat, kasih, peace, kasihh, bantuan, makasiih"
ug_fess,0.3764,31,"laptop, harry, potter, servis, donts, disk, operating, system, pengawasnya, pakai"
ug_fess,0.3764,32,"foto, ganti, fotonya, pagi, diganti, asli, syarat, screenshot, buka, minute"
ug_fess,0.3764,33,"region, depok, pindah, kalimalang, psiko, kelas, mutualan, unggulan, diacak, rumah"
ug_fess,0.3764,34,"orang, suka, mie, ayam, pacaran, anjing, diam, bicara, intelligence, lagu"
ug_fess,0.3764,35,"berkenan, kuesioner, isi, kriterianya, tukar, represent, responden, usia, kriteria, bantu"
ug_fess,0.3764,36,"review, dosendosen, dosen, dibawah, diajar, mengajar, ajar, beliaubeliau, konsultasi, let"
ug_fess,0.3764,37,"faal, cwk, belas, formal, dua, sepatu, kemeja, anak, rincian, adik"
ug_fess,0.3764,38,"email, mengabdi, siswa, jurnal, masuk, gunadarma, berkas, akun, kampus, paket"
ug_fess,0.3764,39,"enggak, sesi, apa, mau, tukar, hati, asyik, sasing, kesal, hima"
ug_fess,0.3764,40,"berteman, hey, you, warga, bantai, cool, ril, kokk, desember, suruh"
ug_fess,0.3764,41,"artists, various, offence, no, blanko, nomor, invalid, bayar, valid, april"
ug_fess,0.3764,42,"studentsite, bayar, studentsitenya, kiraa, semesteran, update, cek, kemarin, know, wisuda"
ug_fess,0.3764,43,"telegrahic, transfer, ngambil, telat, temenku, sekelas, menonton, unduh, female, list"
ug_fess,0.3764,44,"praktikum, praktik, fisdas, langsung, susah, fikom, berhenti, egk, dibantu, kacau"
ug_fess,0.3764,45,"teaching, grup, ngerjain, ngaruh, lupa, aslab, gangguan, kendala, citi, digital"
ug_fess,0.3764,46,"kating, lab, akuntansi, praktikum, kuliah, advance, thanks, in, organisasi, angkatan"
ug_fess,0.3764,47,"spill, wawancara, aslab, beasiswa, tips, komunitas, kepala, sleep, dalem, main"
ug_fess,0.3764,48,"ratus, dua, puluh, seribu, empat, ribu, juta, angkatan, lima, enam"
ug_fess,0.3764,49,"stop, it, jajan, ilab, muncak, sehari, yuji, dimsum, izin, inisial"
ug_fess,0.3764,50,"ibuprofen, beliau, skin, under, the, matematika, tipe, refianti, rina, diajar"
telyufess,0.4545,0,"semester, matkul, magang, ambil, sks, kerja, universitas, libur, ksm, as"
telyufess,0.4545,1,"telkom, telkomedika, telu, medika, telat, gigi, area, runescape, telekomunikasi, dokter"
telyufess,0.4545,2,"sakit, orang, pkkmb, pacarnya, mala, nama, kakak, dua, sidang, fkb"
telyufess,0.4545,3,"tolong, kelas, teriak, jalan, bisa, enggak, kesal, kulkas, lt3, fks"
telyufess,0.4545,4,"information, data, menambah, informasi, infoin, ayam, enak, sistem, informatika, prodi"
telyufess,0.4545,5,"tanggal, libur, daring, belas, luring, dosen, puasa, maret, uas, lebaran"
telyufess,0.4545,6,"foto, studio, formal, fotocopy, ijazah, wisuda, basila, unggah, now, never"
telyufess,0.4545,7,"motor, rental, sewa, parkir, mobil, bawa, pakai, habis, transport, sebarin"
telyufess,0.4545,8,"puluh, dua, ratus, ribu, lima, tiga, empat, delapan, angkatan, satu"
telyufess,0.4545,9,"cowok, pelajaran, menyesal, nemu, main, dompet, susulan, dibelakang, berusaha, organisasi"
telyufess,0.4545,10,"amplifier, remove, main, input, yeah, cek, delapan, furniture, swedish, cewek"
telyufess,0.4545,11,"laptop, macbook, servis, spek, teknik, access, solid, layan, interior, bagus"
telyufess,0.4545,12,"stop, it, bapaknya, toilet, kelas, half, kunci, mikir, mengobrol, dket"
telyufess,0.4545,13,"hey, berteman, you, mutualan, hug, akt, meet, hi, kiss, hubung"
telyufess,0.4545,14,"ibuprofen, of, spoken, nim, sks, ecstasy, ajak, ambil, bank, hubungan"
telyufess,0.4545,15,"sepatu, jemput, menyarankan, tas, anter, express, wangi, sensitif, wajah, sekitaran"
telyufess,0.4545,16,"terimakasih, jual, dimana, beresin, dasi, jus, makasihh, pindahan, sertifikasi, jurusan"
telyufess,0.4545,17,"sight, kill, on, blanked, kamar, old, republic, knights, beli, ganti"
telyufess,0.4545,18,"tugas, tubes, sekelas, giliran, sehat, hima, bisnis, kerkom, kelompok, ngulang"
telyufess,0.4545,19,"menonton, laugh, tawa, film, integrated, act, caught, tujuan, ada, apapun"
telyufess,0.4545,20,"kakak, akses, kartu, kadang, sate, dibawa, keperluan, berkas, kalkulus, kesana"
telyufess,0.4545,21,"asrama, alamat, berubah, lengkap, listrik, checkin, kebagian, putri, paket, bawa"
telyufess,0.4545,22,"deliv, infokan, makan, makanan, nomor, porsi, lauk, infoin, information, nasi"
telyufess,0.4545,23,"gate, rame, unduh, beam, bubur, sebelah, passwordnya, ketan, jahimnya, ditinggal"
telyufess,0.4545,24,"spill, aslab, kakak, spya, keterima, of, parkir, tukang, mencoba, dsb"
telyufess,0.4545,25,"deliv, offence, no, ayam, enak, bubur, nomor, seblak, buah, respect"
telyufess,0.4545,26,"wireless, fidelity, connect, pasang, wifinya, pemakaian, kost, baterai, password, tap"
telyufess,0.4545,27,"bandung, banjir, santai, keliling, aiesec, bareng, cari, ustad, motoran, langit"
telyufess,0.4545,28,"forum, administrator, network, etc, on, hemat, site, networking, social, ngampus"
telyufess,0.4545,29,"skin, under, the, race, cosmetic, enhancements, inspired, masak, listrik, mengajukan"
telyufess,0.4545,30,"bpp, bayar, pembayaran, cuti, internal, bank, mbkm, that, know, mencoba"
telyufess,0.4545,31,"pengalaman, penghuni, penggelapan, pengambilan, undur, alat, jorok, doain, kosan, pengumuman"
telyufess,0.4545,32,"bojongsoang, hujan, bojongsantos, kehidupan, lontong, merasakan, singkat, ayam, mentai, whole"
telyufess,0.4545,33,"wide, web, world, boverd, gangguan, engine, dosen, masuk, an, search"
telyufess,0.4545,34,"psikolog, mental, cerita, berat, disorder, ngedate, attention, deficit, self, cewek"
telyufess,0.4545,35,"design, marketing, brand, produk, jahimnya, shopee, who, ijo, divisi, lomba"
telyufess,0.4545,36,"rambut, potong, hair, bagus, dkt, nailart, panjangnya, bojong, studio, tempatnya"
telyufess,0.4545,37,"gym, cewek, khusus, mencoba, sinii, konsisten, dket, center, ciganitri, price"
telyufess,0.4545,38,"hotel, travel, booking, rekomendasi, keluarga, ketinggalan, barang, saran, tiket, wisuda"
telyufess,0.4545,39,"bulletin, pirate, board, lampu, satpam, mati, warung, nyala, 9jt, hubungin"
telyufess,0.4545,40,"tidak, ada, apa, kost, pindahan, tahu, pantau, keseringan, trial, eyelash"
telyufess,0.4545,41,"lulus, around, playing, pkkmb, sekelas, susah, proposal, kelompok, takut, bareng"
telyufess,0.4545,42,"registrasi, tahap, jadwal, muncul, matkulnya, prs, like, my, dosen, status"
telyufess,0.4545,43,"korean, musik, gtlt, looking, mind, dsb, am, loudly, mei, favorit"
telyufess,0.4545,44,"hemat, grabbike, material, promotional, grab, cash, kode, grabkampus, turun, 15rb"
telyufess,0.4545,45,"chat, hati, friend, trust, touch, friendship, good, hiya, in, camaba"
telyufess,0.4545,46,"harry, potter, guis, satpam, bekas, berubah, iphone, adbis, akun, ganti"
telyufess,0.4545,47,"segini, minute, just, buka, missed, period, game, tutup, jual, gojek"
telyufess,0.4545,48,"digital, bisnis, d3, 20k, birokrasi, gabisaa, edisi, centang, gerbang, pengganti"
telyufess,0.4545,49,"best, slot, tokped, capstone, worthit, lunas, birthday, someone, krs, hearts"
telyufess,0.4545,50,"iphone, special, edition, pakai, sehari, laptop, sewa, sale, utama, kantong"
telyufess,0.4545,51,"publish, jurnal, cumlaude, sinta, leave, poster, absence, any, gagal, pkm"
telyufess,0.4545,52,"korean, smtr, laporan, pekerjaan, ngumpulin, mengecek, kuat, telat, enggak, dirawat"
telyufess,0.4545,53,"input, sertif, kumpul, bisa, sertifikat, kepanitiaan, pilih, enggak, manual, pelatihan"
telyufess,0.4545,54,"association, professional, golfers, main, kehilangan, area, harga, apa, kosan, range"
telyufess,0.4545,55,"cowok, sehat, susah, cewek, cpns, besti, hamilin, headshot, roblox, pulang"
telyufess,0.4545,56,"oknum, gaiss, gaksi, habis, bantuin, kemana, buru, tidak, ada, uang"
telyufess,0.4545,57,"pesan, sesuai, cari, gabung, jodoh, gopud, be, minus, porsi, sorry"
